<?xml version="1.0" encoding="UTF-8"?>
<project-private xmlns="http://www.netbeans.org/ns/project-private/1">
    <editor-bookmarks xmlns="http://www.netbeans.org/ns/editor-bookmarks/2" lastBookmarkId="0"/>
    <open-files xmlns="http://www.netbeans.org/ns/projectui-open-files/2">
        <group>
            <file>file:/C:/Users/Nethra/Desktop/proj/Hospital%20Management/src/Dbms.java</file>
            <file>file:/C:/Users/Nethra/Desktop/proj/Hospital%20Management/src/UserRecord.java</file>
            <file>file:/C:/Users/Nethra/Desktop/proj/Hospital%20Management/src/PatientRec.java</file>
            <file>file:/C:/Users/Nethra/Desktop/proj/Hospital%20Management/src/Bill_RoomRec.java</file>
            <file>file:/C:/Users/Nethra/Desktop/proj/Hospital%20Management/src/Bill_Room.java</file>
            <file>file:/C:/Users/Nethra/Desktop/proj/Hospital%20Management/src/Patient_Admit_roomRec1.java</file>
            <file>file:/C:/Users/Nethra/Desktop/proj/Hospital%20Management/src/firstpage.java</file>
        </group>
    </open-files>
</project-private>
